,Price,Minimum Stay,Location,Room Size,Listing Name,Amenities
1,"₱5,500 monthly",12,"Barangay 471, Sampaloc",28 Sqm.,Bedspaces for Rent in U-Belt,"['Commercial Spaces', 'Parking', 'Study Hub', 'Kitchen', 'Community Area', 'Elevator', 'Advance Payments:', 'Security Deposit:', 'Minimum Stay:']"
2,"₱14,000 monthly",6,"Socorro, Quezon City",18 Sqm.,"Room for Rent in Cubao, Quezon City",['N/A']
3,"₱4,600 monthly",3,"Alabang, City of Muntinlupa",25 Sqm.,"Bedspace for Rent in Alabang near RITM, Asian Hospital, Starmall","['Aircon', 'Community Area', 'Elevator', 'Parking', 'Wifi / Internet', 'Study Hub', 'Refrigerator', 'Recreational Area', 'Advance Payments:', 'Security Deposit:', 'Minimum Stay:']"
4,"₱4,000 monthly",12,"Talipapa, Quezon City",23 Sqm.,Male Bedspace for Rent in Quezon City at The Avenue Residences,['N/A']
5,"₱3,760 monthly",3,"Pembo, City of Makati",5 Sqm.,MyTown Rio,['N/A']
6,"₱3,900 monthly",3,"Cembo, City of Makati",27 Sqm.,MyTown Athens,['N/A']
9,"₱8,000 monthly",3,"Almanza Dos, City of Las Piñas",25 Sqm.,"Room for Rent near Alabang, Las Pinas","['Wifi / Internet', 'Aircon', 'Parking', 'Advance Payments:', 'Security Deposit:', 'Minimum Stay:']"
10,"₱10,000 monthly",6,"Barangay 576, Sampaloc",21 Sqm.,"Room for Rent near Sta. Mesa, PUP, UERM","['Kitchen', 'Study Hub', 'Wifi / Internet', 'Roof Deck', 'Parking', 'Advance Payments:', 'Security Deposit:', 'Minimum Stay:']"
11,"₱6,500 monthly",6,"Pinagsama, City of Taguig",19 Sqm.,"Condosharing in Mckinley Hills, BGC","['Aircon', 'Commercial Spaces', 'Community Area', 'Elevator', 'Fitness Gym', 'Meeting Room', 'Kitchen', 'Recreational Area', 'Swimming Pool', 'Parking', 'Wifi / Internet', 'Refrigerator', 'Chapel Room', 'Roof Deck', 'Advance Payments:', 'Security Deposit:', 'Post-Dated Cheques:', 'Minimum Stay:', 'Electricity Bills:', 'Water Bills:', 'Association Dues:']"
12,"₱5,000 monthly",6,"Barangay 478, Sampaloc",32 Sqm.,"Room for Rent near UST Sampaloc,Ubelt","['Study Hub', 'Wifi / Internet', 'Kitchen', 'Advance Payments:', 'Security Deposit:', 'Minimum Stay:']"
14,"₱4,110 monthly",3,"West Rembo, City of Makati",26 Sqm.,MyTown Los Angeles,"['Parking', 'KTV Room', 'Community Area', 'Swimming Pool', 'Fitness Gym', 'Meeting Room', 'Study Hub', 'Commercial Spaces', 'Roof Deck', 'Recreational Area', 'Music Room', 'Wifi / Internet', 'Advance Payments:', 'Security Deposit:', 'Minimum Stay:']"
15,"₱7,391 monthly",3,"Guadalupe Nuevo, City of Makati",19 Sqm.,MyTown Istanbul,"['Parking', 'Wifi / Internet', 'Advance Payments:', 'Security Deposit:', 'Minimum Stay:']"
16,"₱4,260 monthly",3,"Pitogo, City of Makati",29 Sqm.,MyTown New York,"['Parking', 'Fitness Gym', 'Swimming Pool', 'Roof Deck', 'Study Hub', 'Wifi / Internet', 'Advance Payments:', 'Security Deposit:', 'Minimum Stay:']"
17,"₱4,110 monthly",3,"Pitogo, City of Makati",21 Sqm.,MyTown Amsterdam,"['Parking', 'Study Hub', 'Fitness Gym', 'Roof Deck', 'Wifi / Internet', 'Advance Payments:', 'Security Deposit:', 'Minimum Stay:']"
18,"₱3,900 monthly",3,"Pitogo, City of Makati",12 Sqm.,MyTown Seoul,"['Parking', 'Wifi / Internet', 'Advance Payments:', 'Security Deposit:', 'Minimum Stay:']"
19,"₱4,110 monthly",3,"Pinagkaisahan, City of Makati",1 Sqm.,MyTown Sydney,"['Parking', 'Wifi / Internet', 'Advance Payments:', 'Security Deposit:', 'Minimum Stay:']"
20,"₱3,900 monthly",3,"Pitogo, City of Makati",18 Sqm.,MyTown Kyoto,"['Parking', 'Community Area', 'Recreational Area', 'Elevator', 'Advance Payments:', 'Security Deposit:', 'Minimum Stay:']"
21,"₱4,260 monthly",3,"Pinagkaisahan, City of Makati",1 Sqm.,MyTown Auckland,"['Parking', 'Fitness Gym', 'Roof Deck', 'Wifi / Internet', 'Advance Payments:', 'Security Deposit:', 'Minimum Stay:']"
22,"₱3,900 monthly",3,"Pitogo, City of Makati",1 Sqm.,MyTown Tokyo,"['Parking', 'KTV Room', 'Wifi / Internet', 'Advance Payments:', 'Security Deposit:', 'Minimum Stay:']"
23,"₱8,500 monthly",12,"Talipapa, Quezon City",34 Sqm.,"Room For Rent in Novaliches, Quezon City","['Kitchen', 'Parking', 'Advance Payments:', 'Security Deposit:', 'Minimum Stay:']"
25,"₱16,000 monthly",12,"Barangay 688, Malate",31 Sqm.,STUDIO VISTA RESIDENCES TAFT MANILA,"['Aircon', 'Community Area', 'Elevator', 'Fitness Gym', 'Kitchen', 'Refrigerator', 'Swimming Pool', 'Study Hub', 'Advance Payments:', 'Security Deposit:', 'Post-Dated Cheques:', 'Minimum Stay:', 'Electricity Bills:', 'Water Bills:', 'Association Dues:']"
26,"₱12,000 monthly",3,"Barangay 792, Santa Ana",1 Sqm.,"STUDIOUNIT FOR RENT IN MANILA NEAR MAKATI,MANDA,BGC","['Community Area', 'Wifi / Internet', 'Study Hub', 'Roof Deck', 'Kitchen', 'Parking', 'Security Deposit:', 'Post-Dated Cheques:', 'Minimum Stay:', 'Electricity Bills:', 'Water Bills:', 'Association Dues:']"
28,"₱4,500 monthly",6,"Rosario, City of Pasig",22 Sqm.,Male Condo Sharing at Urban Deca Homes Ortigas (non-AC),"['Community Area', 'Elevator', 'Fitness Gym', 'Kitchen', 'Recreational Area', 'Refrigerator', 'Wifi / Internet', 'Chapel Room', 'Advance Payments:', 'Security Deposit:', 'Post-Dated Cheques:', 'Minimum Stay:', 'Electricity Bills:', 'Water Bills:', 'Association Dues:']"
33,"₱18,000 monthly",12,"Loyola Heights, Quezon City",28 Sqm.,Cityland 101 Xavierville,['N/A']
34,"₱5,500 monthly",4,"Barangay 692, Malate",24 Sqm.,"Urban Pad: Semi-Furnished, 4 Loft Beds, Free WiFi, and Study hub",['N/A']
35,"₱7,000 monthly",12,"Burol, City of Dasmariñas",25 Sqm.,"Condo Unit @ Green2 Residences, Dasmarinas Cavite near DLSU-Dasma",['N/A']
36,"₱4,100 monthly",3,"Barangay 689, Malate",32 Sqm.,VICTORIA DE MANILA 2: Condo Bed Space for Male,['N/A']
38,"₱19,000 monthly",12,"Barangay 395, Sampaloc",24 Sqm.,FOR RENT Pacific Suites Tower I 1 Minute Walk to UST Dapitan Gate,['N/A']
39,"₱26,000 monthly",12,"Barangay 709, Malate",19 Sqm.,Fully Furnished Studio Unit at WH Taft Residences,['N/A']
40,"₱15,000 monthly",6,"Barangay 600, Sampaloc",19 Sqm.,Condo for Students and Office Workers,"['Aircon', 'Elevator', 'Kitchen', 'Recreational Area', 'Swimming Pool', 'Refrigerator', 'Advance Payments:', 'Security Deposit:', 'Post-Dated Cheques:', 'Minimum Stay:', 'Electricity Bills:', 'Water Bills:', 'Association Dues:']"
41,"₱27,000 monthly",12,"Barangay 659, Ermita",27 Sqm.,FULLY FURNISHED R SQUARE RESIDENCES WITH BALCONY NEAR DLSU TAFT,"['Aircon', 'Recreational Area', 'Refrigerator', 'Swimming Pool', 'Study Hub', 'Fitness Gym', 'Kitchen', 'Elevator', 'Community Area', 'Commercial Spaces', 'Advance Payments:', 'Security Deposit:', 'Post-Dated Cheques:', 'Minimum Stay:', 'Electricity Bills:', 'Water Bills:', 'Association Dues:']"
42,"₱23,000 monthly",12,"Loyola Heights, Quezon City",23 Sqm.,Furnished Studio in Vista Pointe Katipunan,"['Aircon', 'Fitness Gym', 'Elevator', 'Kitchen', 'Recreational Area', 'Refrigerator', 'Roof Deck', 'Study Hub', 'Swimming Pool', 'Community Area', 'Advance Payments:', 'Security Deposit:', 'Post-Dated Cheques:', 'Minimum Stay:', 'Electricity Bills:', 'Water Bills:', 'Association Dues:']"
45,"₱5,500 monthly",6,"Barangka Ilaya, City of Mandaluyong",30 Sqm.,Condo Sharing / BedSpace in Mandaluyong,"['Aircon', 'Community Area', 'Elevator', 'Fitness Gym', 'Kitchen', 'Refrigerator', 'Swimming Pool', 'Wifi / Internet', 'Commercial Spaces', 'Recreational Area', 'Roof Deck', 'Advance Payments:', 'Security Deposit:', 'Minimum Stay:']"
48,"₱20,000 monthly",12,"Barangay 725, Malate",18 Sqm.,1 BR Semi-furnished Condo for Rent near DLSU,"['Aircon', 'Commercial Spaces', 'Elevator', 'Refrigerator', 'Kitchen', 'Fitness Gym', 'Swimming Pool', 'Roof Deck', 'Advance Payments:', 'Security Deposit:', 'Post-Dated Cheques:', 'Minimum Stay:', 'Electricity Bills:', 'Water Bills:', 'Association Dues:']"
59,"₱11,000 monthly",12,"Loyola Heights, Quezon City",80 Sqm.,Brand New Condo in Katipunan for Rent,"['Aircon', 'Kitchen', 'Recreational Area', 'Refrigerator', 'Commercial Spaces', 'Meeting Room', 'Roof Deck', 'Study Hub', 'Community Area', 'Elevator', 'Parking', 'Swimming Pool', 'Fitness Gym', 'Wifi / Internet', 'Advance Payments:', 'Security Deposit:', 'Post-Dated Cheques:', 'Minimum Stay:', 'Electricity Bills:', 'Water Bills:', 'Association Dues:']"
68,"₱30,000 monthly",6,"Barangay 477, Sampaloc",25 Sqm.,"Semi-Furnished Studio Unit: Astral Apartment, Sampaloc","['Commercial Spaces', 'Community Area', 'Aircon', 'Elevator', 'Kitchen', 'Recreational Area', 'Advance Payments:', 'Security Deposit:', 'Post-Dated Cheques:', 'Minimum Stay:', 'Electricity Bills:', 'Water Bills:', 'Association Dues:']"
70,"₱30,000 monthly",6,"Barangay 477, Sampaloc",23 Sqm.,"2BR Unit: Astral Apartment, Sampaloc","['Commercial Spaces', 'Community Area', 'Elevator', 'Kitchen', 'Recreational Area', 'Advance Payments:', 'Security Deposit:', 'Post-Dated Cheques:', 'Minimum Stay:', 'Electricity Bills:', 'Water Bills:', 'Association Dues:']"
71,"₱18,000 monthly",6,"Barangay 477, Sampaloc",25 Sqm.,"1BR Unit: Astral Apartment, Sampaloc",['N/A']
72,"₱4,999 monthly",12,"Rosario, City of Pasig",24 Sqm.,Male or Female Bed Spacer for rent,"['Aircon', 'Commercial Spaces', 'Elevator', 'Kitchen', 'Parking', 'Recreational Area', 'Wifi / Internet', 'Study Hub', 'Refrigerator', 'Fitness Gym', 'Community Area', 'Chapel Room', 'Advance Payments:', 'Security Deposit:', 'Post-Dated Cheques:', 'Minimum Stay:', 'Electricity Bills:', 'Water Bills:', 'Association Dues:']"
73,"₱23,000 monthly",9,"Santa Lucia, City of Pasig",22 Sqm.,CONDO UNIT FOR RENT IN PASIG😊,"['Aircon', 'Commercial Spaces', 'Community Area', 'Fitness Gym', 'Elevator', 'Parking', 'Recreational Area', 'Refrigerator', 'Wifi / Internet', 'Kitchen', 'Advance Payments:', 'Security Deposit:', 'Minimum Stay:']"
74,"₱7,600 monthly",1,"Loyola Heights, Quezon City",32 Sqm.,Bedroom with Own CR - Max 2 Persons,['N/A']
77,"₱25,000 monthly",12,"Loyola Heights, Quezon City",40 Sqm.,Fully Furnished Condominium Unit in One Katipunan Residences,"['Aircon', 'Community Area', 'Elevator', 'Fitness Gym', 'Kitchen', 'Refrigerator', 'Study Hub', 'Swimming Pool', 'Advance Payments:', 'Security Deposit:', 'Post-Dated Cheques:', 'Minimum Stay:', 'Electricity Bills:', 'Water Bills:', 'Association Dues:']"
78,"₱15,000 monthly",12,"Barangay 745, Santa Ana",29 Sqm.,"Furnished loft type condo 2 beds in TAFT, manila RSG residens","['Aircon', 'Commercial Spaces', 'Community Area', 'Elevator', 'Kitchen', 'Recreational Area', 'Refrigerator', 'Roof Deck', 'Advance Payments:', 'Security Deposit:', 'Post-Dated Cheques:', 'Minimum Stay:', 'Electricity Bills:', 'Water Bills:', 'Association Dues:']"
86,"₱23,000 monthly",1,"Loyola Heights, Quezon City",25 Sqm.,Condo for Rent in Katipunan,"['Aircon', 'Community Area', 'Elevator', 'Fitness Gym', 'Kitchen', 'Commercial Spaces', 'Roof Deck', 'Swimming Pool', 'Wifi / Internet', 'Study Hub', 'Refrigerator', 'Advance Payments:', 'Security Deposit:', 'Post-Dated Cheques:', 'Minimum Stay:', 'Electricity Bills:', 'Water Bills:', 'Association Dues:']"
95,"₱20,000 monthly",6,"Barangay 313, Santa Cruz",25 Sqm.,STUDIO UNIT FOR SOLO or 4PAX in STA.CRUZ MANILA,"['Aircon', 'Commercial Spaces', 'Elevator', 'Recreational Area', 'Swimming Pool', 'Advance Payments:', 'Security Deposit:', 'Post-Dated Cheques:', 'Minimum Stay:', 'Electricity Bills:', 'Water Bills:', 'Association Dues:']"
96,"₱25,000 monthly",6,"Barangay 313, Santa Cruz",1 Sqm.,1-BEDROOM UNIT FOR 4-6PAX in STA.CRUZ MANILA,"['Aircon', 'Elevator', 'Swimming Pool', 'Recreational Area', 'Commercial Spaces', 'Advance Payments:', 'Security Deposit:', 'Post-Dated Cheques:', 'Minimum Stay:', 'Electricity Bills:', 'Water Bills:', 'Association Dues:']"
97,"₱18,000 monthly",12,"Socorro, Quezon City",1 Sqm.,1 BR Unit in Amaia Skies (Cubao),"['Aircon', 'Elevator', 'Fitness Gym', 'Kitchen', 'Refrigerator', 'Swimming Pool', 'Wifi / Internet', 'Advance Payments:', 'Security Deposit:', 'Post-Dated Cheques:', 'Minimum Stay:', 'Electricity Bills:', 'Water Bills:', 'Association Dues:']"
100,"₱18,000 monthly",12,"Ususan, City of Taguig",22 Sqm.,"1BR Fully Furnished Unit: Grace Residences, Taguig","['Aircon', 'Commercial Spaces', 'Community Area', 'Elevator', 'Fitness Gym', 'Kitchen', 'Recreational Area', 'Refrigerator', 'Swimming Pool', 'Advance Payments:', 'Security Deposit:', 'Post-Dated Cheques:', 'Minimum Stay:', 'Electricity Bills:', 'Water Bills:', 'Association Dues:']"
101,"₱15,000 monthly",12,"Ususan, City of Taguig",27 Sqm.,"1BR Fully Furnished Unit: Grace Residences, Taguig","['Aircon', 'Commercial Spaces', 'Community Area', 'Elevator', 'Fitness Gym', 'Kitchen', 'Recreational Area', 'Refrigerator', 'Swimming Pool', 'Advance Payments:', 'Security Deposit:', 'Post-Dated Cheques:', 'Minimum Stay:', 'Electricity Bills:', 'Water Bills:', 'Association Dues:']"
102,"₱18,000 monthly",6,"Ususan, City of Taguig",32 Sqm.,"1BR Fully Furnished Unit: Grace Residences, Taguig","['Aircon', 'Commercial Spaces', 'Community Area', 'Elevator', 'Fitness Gym', 'Kitchen', 'Recreational Area', 'Refrigerator', 'Swimming Pool', 'Wifi / Internet', 'Advance Payments:', 'Security Deposit:', 'Post-Dated Cheques:', 'Minimum Stay:', 'Electricity Bills:', 'Water Bills:', 'Association Dues:']"
103,"₱20,000 monthly",12,"Ususan, City of Taguig",50 Sqm.,"1BR Fully Furnished Unit: Grace Residences, Taguig","['Aircon', 'Commercial Spaces', 'Community Area', 'Elevator', 'Fitness Gym', 'Kitchen', 'Recreational Area', 'Refrigerator', 'Wifi / Internet', 'Swimming Pool', 'Advance Payments:', 'Security Deposit:', 'Post-Dated Cheques:', 'Minimum Stay:', 'Electricity Bills:', 'Water Bills:', 'Association Dues:']"
104,"₱16,000 monthly",12,"Ususan, City of Taguig",19 Sqm.,"1BR Fully Furnished Unit: Grace Residences, Taguig","['Aircon', 'Commercial Spaces', 'Community Area', 'Elevator', 'Fitness Gym', 'Kitchen', 'Recreational Area', 'Refrigerator', 'Swimming Pool', 'Advance Payments:', 'Security Deposit:', 'Post-Dated Cheques:', 'Minimum Stay:', 'Electricity Bills:', 'Water Bills:', 'Association Dues:']"
105,"₱16,000 monthly",12,"Ususan, City of Taguig",1 Sqm.,"1BR Semi-Furnished Unit: Grace Residences, Taguig","['Aircon', 'Commercial Spaces', 'Community Area', 'Elevator', 'Fitness Gym', 'Kitchen', 'Recreational Area', 'Refrigerator', 'Swimming Pool', 'Advance Payments:', 'Security Deposit:', 'Post-Dated Cheques:', 'Minimum Stay:', 'Electricity Bills:', 'Water Bills:', 'Association Dues:']"
106,"₱18,000 monthly",12,"Ususan, City of Taguig",10 Sqm.,"Fully Furnished Unit with Balcony: Grace Residences, Taguig","['Aircon', 'Commercial Spaces', 'Community Area', 'Fitness Gym', 'Kitchen', 'Recreational Area', 'Refrigerator', 'Swimming Pool', 'Elevator', 'Advance Payments:', 'Security Deposit:', 'Post-Dated Cheques:', 'Minimum Stay:', 'Electricity Bills:', 'Water Bills:', 'Association Dues:']"
107,"₱25,000 monthly",12,"Mariana, Quezon City",23 Sqm.,1br Condo Unit for Rent,"['Aircon', 'Commercial Spaces', 'Community Area', 'Elevator', 'Fitness Gym', 'Kitchen', 'Recreational Area', 'Refrigerator', 'Swimming Pool', 'Wifi / Internet', 'Advance Payments:', 'Security Deposit:', 'Post-Dated Cheques:', 'Minimum Stay:', 'Electricity Bills:', 'Water Bills:', 'Association Dues:']"
108,"₱11,000 monthly",12,"Hulong Duhat, City of Malabon",35 Sqm.,Apartment for Rent - Good for Student,"['Advance Payments:', 'Post-Dated Cheques:', 'Minimum Stay:', 'Electricity Bills:', 'Water Bills:', 'Association Dues:']"
109,"₱18,000 monthly",12,"Ususan, City of Taguig",35 Sqm.,"1BR Fully Furnished Unit: Grace Residences, Taguig","['Aircon', 'Commercial Spaces', 'Community Area', 'Elevator', 'Fitness Gym', 'Kitchen', 'Recreational Area', 'Refrigerator', 'Swimming Pool', 'Advance Payments:', 'Security Deposit:', 'Post-Dated Cheques:', 'Minimum Stay:', 'Electricity Bills:', 'Water Bills:', 'Association Dues:']"
110,"₱27,000 monthly",12,"Matandang Balara, Quezon City",19 Sqm.,2 BEDROOM FULLY FURNISHED 40 sqm,"['Aircon', 'Elevator', 'Community Area', 'Fitness Gym', 'Kitchen', 'Recreational Area', 'Swimming Pool', 'Advance Payments:', 'Security Deposit:', 'Post-Dated Cheques:', 'Minimum Stay:', 'Electricity Bills:', 'Water Bills:', 'Association Dues:']"
113,"₱10,000 monthly",12,"Barangay 515, Sampaloc",12 Sqm.,"20sqm studio apartment unit with t&b, kitchen","['Kitchen', 'Advance Payments:', 'Security Deposit:', 'Post-Dated Cheques:', 'Minimum Stay:', 'Electricity Bills:', 'Water Bills:', 'Association Dues:']"
114,"₱11,000 monthly",12,"Hulong Duhat, City of Malabon",40 Sqm.,Apartment for Rent,"['Advance Payments:', 'Post-Dated Cheques:', 'Minimum Stay:', 'Electricity Bills:', 'Water Bills:', 'Association Dues:']"
115,"₱8,500 monthly",6,"Barangay 792, Santa Ana",1 Sqm.,"APARTMENT FOR RENT IN MANILA NEAR MAKATI, MANDALUYONG AND BGC","['Wifi / Internet', 'Roof Deck', 'Kitchen', 'Parking', 'Security Deposit:', 'Post-Dated Cheques:', 'Minimum Stay:', 'Electricity Bills:', 'Water Bills:', 'Association Dues:']"
116,"₱14,000 monthly",12,"Socorro, Quezon City",30 Sqm.,Studio Unit in Amaia Skies (Cubao),"['Aircon', 'Elevator', 'Fitness Gym', 'Kitchen', 'Swimming Pool', 'Advance Payments:', 'Security Deposit:', 'Post-Dated Cheques:', 'Minimum Stay:', 'Electricity Bills:', 'Water Bills:', 'Association Dues:']"
122,"₱25,000 monthly",12,"Barangay 831, Paco",16 Sqm.,2 bedroom fully furnished in Paco Manila,"['Advance Payments:', 'Security Deposit:', 'Post-Dated Cheques:', 'Minimum Stay:', 'Electricity Bills:', 'Water Bills:', 'Association Dues:']"
123,"₱5,500 monthly",6,"Barangay 696, Malate",25 Sqm.,Condominium for rent in Taft Avenue 4Pax,"['Aircon', 'Elevator', 'Kitchen', 'Swimming Pool', 'Advance Payments:', 'Security Deposit:', 'Minimum Stay:']"
125,"₱24,000 monthly",12,"Barangay 386, Quiapo",219 Sqm.,For Rent TENNYSON HEIGHTS VISTA near CEU Sanbeda TIP UE FEU,"['Advance Payments:', 'Security Deposit:', 'Post-Dated Cheques:', 'Minimum Stay:', 'Electricity Bills:', 'Water Bills:', 'Association Dues:']"
127,"₱11,000 monthly",6,"Pasong Putik Proper, Quezon City",16 Sqm.,Trees Residences,"['Fitness Gym', 'Elevator', 'Community Area', 'Commercial Spaces', 'Chapel Room', 'Recreational Area', 'Swimming Pool', 'Advance Payments:', 'Security Deposit:', 'Post-Dated Cheques:', 'Minimum Stay:', 'Electricity Bills:', 'Water Bills:', 'Association Dues:']"
128,"₱17,500 monthly",6,"Carmona, City of Makati",54 Sqm.,Large Studio Unit in Makati!,"['Commercial Spaces', 'Community Area', 'Advance Payments:', 'Security Deposit:', 'Minimum Stay:']"
129,"₱15,000 monthly",6,"Carmona, City of Makati",151 Sqm.,Medium Studio Unit in Makati!,"['Commercial Spaces', 'Community Area', 'Advance Payments:', 'Security Deposit:', 'Minimum Stay:']"
130,"₱11,000 monthly",6,"Carmona, City of Makati",59 Sqm.,Small Studio Unit in Makati!,"['Commercial Spaces', 'Community Area', 'Advance Payments:', 'Security Deposit:', 'Post-Dated Cheques:', 'Minimum Stay:', 'Electricity Bills:', 'Water Bills:', 'Association Dues:']"
132,"₱24,100 monthly",12,"Barangay 397, Sampaloc",21 Sqm.,FOR RENT: UNIVERSITY TOWER P. NOVAL,"['Aircon', 'Swimming Pool', 'Fitness Gym', 'Recreational Area', 'Study Hub', 'Community Area', 'Commercial Spaces', 'Kitchen', 'Refrigerator', 'Advance Payments:', 'Security Deposit:', 'Post-Dated Cheques:', 'Minimum Stay:', 'Electricity Bills:', 'Water Bills:', 'Association Dues:']"
134,"₱7,000 monthly",6,"San Vicente, Quezon City",42 Sqm.,Transient/ Room for Rent,"['Kitchen', 'Refrigerator', 'Wifi / Internet', 'Commercial Spaces', 'Chapel Room', 'Community Area', 'Parking', 'Advance Payments:', 'Security Deposit:', 'Post-Dated Cheques:', 'Minimum Stay:', 'Electricity Bills:', 'Water Bills:', 'Association Dues:']"
135,"₱6,500 monthly",1,"U.P. Campus, Quezon City",1 Sqm.,27A UPD,"['Refrigerator', 'Community Area', 'Kitchen', 'Meeting Room', 'Wifi / Internet', 'Study Hub', 'Recreational Area', 'Advance Payments:', 'Security Deposit:', 'Post-Dated Cheques:', 'Minimum Stay:', 'Electricity Bills:', 'Water Bills:', 'Association Dues:']"
136,"₱15,000 monthly",12,"Aurora, Quezon City",44 Sqm.,Spacious Condo Unit for Rent in Sta.Mesa,"['Aircon', 'Commercial Spaces', 'Elevator', 'Swimming Pool', 'Recreational Area', 'Advance Payments:', 'Security Deposit:', 'Post-Dated Cheques:', 'Minimum Stay:', 'Electricity Bills:', 'Water Bills:', 'Association Dues:']"
139,"₱23,000 monthly",6,"Commonwealth, Quezon City",35 Sqm.,2BR CONDO FOR RENT OR FOR SALE,"['Community Area', 'Fitness Gym', 'Elevator', 'Swimming Pool', 'Recreational Area', 'Advance Payments:', 'Security Deposit:', 'Post-Dated Cheques:', 'Minimum Stay:', 'Electricity Bills:', 'Water Bills:', 'Association Dues:']"
147,"₱40,000 monthly",11,"Fort Bonifacio, City of Taguig",27 Sqm.,Park McKinley West | Tower A,"['Aircon', 'Recreational Area', 'Refrigerator', 'Roof Deck', 'Swimming Pool', 'Commercial Spaces', 'Community Area', 'Elevator', 'Fitness Gym', 'Kitchen', 'Advance Payments:', 'Security Deposit:', 'Post-Dated Cheques:', 'Minimum Stay:', 'Electricity Bills:', 'Water Bills:', 'Association Dues:']"
148,"₱45,000 monthly",12,"Fort Bonifacio, City of Taguig",28 Sqm.,Park McKinley West | Tower A,"['Aircon', 'Commercial Spaces', 'Community Area', 'Elevator', 'Kitchen', 'Recreational Area', 'Refrigerator', 'Fitness Gym', 'Swimming Pool', 'Roof Deck', 'Advance Payments:', 'Security Deposit:', 'Post-Dated Cheques:', 'Minimum Stay:', 'Electricity Bills:', 'Water Bills:', 'Association Dues:']"
151,"₱25,000 monthly",12,"Barangay 729, Malate",19 Sqm.,Studio Deluxe with Balcony (For Sale and for lease),"['Advance Payments:', 'Security Deposit:', 'Post-Dated Cheques:', 'Minimum Stay:', 'Electricity Bills:', 'Water Bills:', 'Association Dues:']"
153,"₱12,000 monthly",6,"Barangay 337, Santa Cruz",19 Sqm.,"Studio Unit with Kitchen and Bathroom at Sta. Cruz, Manila","['Kitchen', 'Parking', 'Wifi / Internet', 'Roof Deck', 'Aircon', 'Advance Payments:', 'Security Deposit:', 'Post-Dated Cheques:', 'Minimum Stay:', 'Electricity Bills:', 'Water Bills:', 'Association Dues:']"
154,"₱5,000 monthly",6,"Pasong Putik Proper, Quezon City",19 Sqm.,Cuartel Family Suites Accommodates 8pax,"['Aircon', 'Elevator', 'Parking', 'Wifi / Internet', 'Community Area', 'Kitchen', 'Refrigerator', 'Swimming Pool', 'Advance Payments:', 'Security Deposit:', 'Post-Dated Cheques:', 'Minimum Stay:', 'Electricity Bills:', 'Water Bills:', 'Association Dues:']"
155,"₱18,000 monthly",6,"South Triangle, Quezon City",1 Sqm.,SMDC MPLACE STUDIO FOR RENT,"['Aircon', 'Community Area', 'Elevator', 'Recreational Area', 'Refrigerator', 'Wifi / Internet', 'Swimming Pool', 'Advance Payments:', 'Security Deposit:', 'Post-Dated Cheques:', 'Minimum Stay:', 'Electricity Bills:', 'Water Bills:', 'Association Dues:']"
156,"₱6,000 monthly",6,"Barangay 659-A, Ermita",24 Sqm.,Suntrust Parkview: Upper bed available!,"['Aircon', 'Refrigerator', 'Recreational Area', 'Community Area', 'Commercial Spaces', 'Elevator', 'Kitchen', 'Wifi / Internet', 'Swimming Pool', 'Fitness Gym', 'Advance Payments:', 'Security Deposit:', 'Post-Dated Cheques:', 'Minimum Stay:', 'Electricity Bills:', 'Water Bills:', 'Association Dues:']"
157,"₱5,500 monthly",3,"Barangay 694, Malate",19 Sqm.,"BEDSPACE / SOLO ROOM FOR RENT - Near Taft, PGH, Robinsons, UP Manila","['Aircon', 'Community Area', 'Elevator', 'Fitness Gym', 'Kitchen', 'Recreational Area', 'Refrigerator', 'Swimming Pool', 'Advance Payments:', 'Security Deposit:', 'Minimum Stay:']"
158,"₱22,000 monthly",12,"Barangay 725, Malate",19 Sqm.,1-bedroom with balcony condo for rent,"['Aircon', 'Elevator', 'Kitchen', 'Recreational Area', 'Refrigerator', 'Roof Deck', 'Security Deposit:', 'Post-Dated Cheques:', 'Minimum Stay:', 'Electricity Bills:', 'Water Bills:', 'Association Dues:']"
159,"₱20,000 monthly",12,"Buayang Bato, City of Mandaluyong",19 Sqm.,Fully Furnished 1 bedroom in Mandaluyong Near BGC,"['Aircon', 'Commercial Spaces', 'Fitness Gym', 'Elevator', 'Kitchen', 'Refrigerator', 'Roof Deck', 'Swimming Pool', 'Advance Payments:', 'Security Deposit:', 'Post-Dated Cheques:', 'Minimum Stay:', 'Electricity Bills:', 'Water Bills:', 'Association Dues:']"
160,"₱23,000 monthly",1,"Barangay 698, Malate",26 Sqm.,Brand New Condo for Sale and for Lease near DLSU,"['Advance Payments:', 'Security Deposit:', 'Post-Dated Cheques:', 'Minimum Stay:', 'Electricity Bills:', 'Water Bills:', 'Association Dues:']"
164,"₱5,000 monthly",3,"Zone IV (Pob.), City of Dasmariñas",28 Sqm.,"ALL BILLS INCLUSIVE in Dasmarinas near DLSHSI, EAC, DLSU-D, Toprank","['Aircon', 'Commercial Spaces', 'Wifi / Internet', 'Refrigerator', 'Advance Payments:', 'Security Deposit:', 'Post-Dated Cheques:', 'Minimum Stay:', 'Electricity Bills:', 'Water Bills:', 'Association Dues:']"
165,"₱6,500 monthly",12,"Olympia, City of Makati",1 Sqm.,For rent,"['Aircon', 'Community Area', 'Kitchen', 'Parking', 'Roof Deck', 'Refrigerator', 'Advance Payments:', 'Security Deposit:', 'Post-Dated Cheques:', 'Minimum Stay:', 'Electricity Bills:', 'Water Bills:', 'Association Dues:']"
166,"₱95,000 monthly",24,"U.P. Village, Quezon City",1 Sqm.,[220 SQM PRIME LOCATION COMMERCIAL UNIT][NEWLY RENOVATED] UP VILLAGE,"['Parking', 'Kitchen', 'Security Deposit:', 'Post-Dated Cheques:', 'Minimum Stay:', 'Electricity Bills:', 'Water Bills:', 'Association Dues:']"
167,"₱45,000 monthly",12,"U.P. Village, Quezon City",19 Sqm.,"[50 SQM COMMERICAL UNIT][NEWLY RENOVATED] IN UP VILLAGE, QC","['Kitchen', 'Parking', 'Security Deposit:', 'Post-Dated Cheques:', 'Minimum Stay:', 'Electricity Bills:', 'Water Bills:', 'Association Dues:']"
169,"₱3,600 monthly",6,"Fairview, Quezon City",102 Sqm.,Female Bedspace Dormitory Near Feu Nrmf Quezon City,"['Aircon', 'Kitchen', 'Community Area', 'Commercial Spaces', 'Roof Deck', 'Wifi / Internet', 'Advance Payments:', 'Security Deposit:', 'Minimum Stay:']"
170,"₱2,500 monthly",3,"Barangay 621, Sampaloc",27 Sqm.,"Bed space for rent in Maui Oasis, Sta. Mesa, Manila!!! RUSH!!!","['Aircon', 'Kitchen', 'Fitness Gym', 'Elevator', 'Wifi / Internet', 'Swimming Pool', 'Refrigerator', 'Recreational Area', 'Meeting Room', 'Parking', 'Community Area', 'Advance Payments:', 'Security Deposit:', 'Minimum Stay:']"
172,"₱40,000 monthly",1,"Obrero, Quezon City",28 Sqm.,FOR RENT: VIERA RESIDENCES,"['Aircon', 'Elevator', 'Kitchen', 'Parking', 'Recreational Area', 'Refrigerator', 'Community Area', 'Advance Payments:', 'Security Deposit:', 'Post-Dated Cheques:', 'Minimum Stay:', 'Electricity Bills:', 'Water Bills:', 'Association Dues:']"
173,"₱42,500 monthly",6,"Barangay 701, Malate",41 Sqm.,ECHELON TOWER,"['Advance Payments:', 'Security Deposit:', 'Post-Dated Cheques:', 'Minimum Stay:', 'Electricity Bills:', 'Water Bills:', 'Association Dues:']"
174,"₱22,000 monthly",12,"Barangay 670, Ermita",37 Sqm.,COZY CONDO UNIT FOR RENT FRONTING U.P. Manila and Robinson's Place,"['Aircon', 'Fitness Gym', 'Elevator', 'Swimming Pool', 'Advance Payments:', 'Security Deposit:', 'Minimum Stay:']"
175,"₱24,000 monthly",12,"Barangay 601, Sampaloc",33 Sqm.,Hampstead Garden Condo For Rent,"['Advance Payments:', 'Security Deposit:', 'Post-Dated Cheques:', 'Minimum Stay:', 'Electricity Bills:', 'Water Bills:', 'Association Dues:']"
176,"₱5,500 monthly",2,"Loyola Heights, Quezon City",64 Sqm.,Dormitory @Katipunan Avenue QC,"['Aircon', 'Kitchen', 'Refrigerator', 'Wifi / Internet', 'Advance Payments:', 'Security Deposit:', 'Post-Dated Cheques:', 'Minimum Stay:', 'Electricity Bills:', 'Water Bills:', 'Association Dues:']"
177,"₱20,000 monthly",6,"Barangay 396, Sampaloc",45 Sqm.,Crown Tower University Belt: Fully Furnished,"['Commercial Spaces', 'Community Area', 'Elevator', 'Kitchen', 'Recreational Area', 'Refrigerator', 'Swimming Pool', 'Study Hub', 'Fitness Gym', 'Aircon', 'Advance Payments:', 'Security Deposit:', 'Post-Dated Cheques:', 'Minimum Stay:', 'Electricity Bills:', 'Water Bills:', 'Association Dues:']"
180,"₱35,000 monthly",12,"Damayang Lagi, Quezon City",20 Sqm.,2-bedroom Condo Unit in Quezon City,"['Aircon', 'Kitchen', 'Commercial Spaces', 'Elevator', 'Community Area', 'Recreational Area', 'Refrigerator', 'Swimming Pool', 'Advance Payments:', 'Security Deposit:', 'Post-Dated Cheques:', 'Minimum Stay:', 'Electricity Bills:', 'Water Bills:', 'Association Dues:']"
181,"₱18,000 monthly",12,"Batasan Hills, Quezon City",20 Sqm.,The Residences at Commonewalth,"['Aircon', 'Kitchen', 'Recreational Area', 'Chapel Room', 'Refrigerator', 'Meeting Room', 'Community Area', 'Elevator', 'Swimming Pool', 'Fitness Gym', 'Advance Payments:', 'Security Deposit:', 'Post-Dated Cheques:', 'Minimum Stay:', 'Electricity Bills:', 'Water Bills:', 'Association Dues:']"
182,"₱18,000 monthly",12,"Barangay 17, Pasay City",30 Sqm.,1-bedroom Condo Unit in Pasay City,"['Aircon', 'Elevator', 'Swimming Pool', 'Refrigerator', 'Advance Payments:', 'Security Deposit:', 'Post-Dated Cheques:', 'Minimum Stay:', 'Electricity Bills:', 'Water Bills:', 'Association Dues:']"
183,"₱18,500 monthly",8,"Barangay 831, Paco",29 Sqm.,1BR Furnished,"['Aircon', 'Elevator', 'Fitness Gym', 'Wifi / Internet', 'Swimming Pool', 'Study Hub', 'Refrigerator', 'Recreational Area', 'Printer', 'Chapel Room', 'Kitchen', 'Community Area', 'Advance Payments:', 'Security Deposit:', 'Post-Dated Cheques:', 'Minimum Stay:', 'Electricity Bills:', 'Water Bills:', 'Association Dues:']"
185,"₱6,000 monthly",12,"Fairview, Quezon City",29 Sqm.,Female Bedspace Dormitory Near Feu Nrmf,"['Aircon', 'Roof Deck', 'Wifi / Internet', 'Commercial Spaces', 'Advance Payments:', 'Security Deposit:', 'Post-Dated Cheques:', 'Minimum Stay:', 'Electricity Bills:', 'Water Bills:', 'Association Dues:']"
186,"₱12,500 monthly",12,"Barangay 427, Sampaloc",65 Sqm.,"35sqm loft type pet friendly, beside lrt pureza station","['Roof Deck', 'Parking', 'Community Area', 'Advance Payments:', 'Security Deposit:', 'Post-Dated Cheques:', 'Minimum Stay:', 'Electricity Bills:', 'Water Bills:', 'Association Dues:']"
187,"₱15,000 monthly",12,"Loyola Heights, Quezon City",65 Sqm.,📍CONDO AVAILABLE FOR RENT 📍,"['Aircon', 'Commercial Spaces', 'Fitness Gym', 'Elevator', 'Kitchen', 'Recreational Area', 'Roof Deck', 'Refrigerator', 'Swimming Pool', 'Study Hub', 'Advance Payments:', 'Security Deposit:', 'Post-Dated Cheques:', 'Minimum Stay:', 'Electricity Bills:', 'Water Bills:', 'Association Dues:']"
188,"₱6,300 monthly",6,"Pio Del Pilar, City of Makati",30 Sqm.,Makati Condo Sharing,"['Aircon', 'Elevator', 'Fitness Gym', 'Kitchen', 'Meeting Room', 'Parking', 'Recreational Area', 'Refrigerator', 'Roof Deck', 'Study Hub', 'Swimming Pool', 'Wifi / Internet', 'Community Area', 'Commercial Spaces', 'Advance Payments:', 'Security Deposit:', 'Post-Dated Cheques:', 'Minimum Stay:', 'Electricity Bills:', 'Water Bills:', 'Association Dues:']"
190,"₱20,000 monthly",12,"Barangay 36, Pasay City",21 Sqm.,Avida prime taft for rent open for student and long term,"['Aircon', 'Chapel Room', 'Community Area', 'Fitness Gym', 'Elevator', 'Kitchen', 'Meeting Room', 'Parking', 'Recreational Area', 'Roof Deck', 'Swimming Pool', 'Wifi / Internet', 'Refrigerator', 'Study Hub', 'Commercial Spaces', 'Advance Payments:', 'Security Deposit:', 'Post-Dated Cheques:', 'Minimum Stay:', 'Electricity Bills:', 'Water Bills:', 'Association Dues:']"
194,"₱23,000 monthly",6,"San Lorenzo, City of Makati",1 Sqm.,Paseo De Roces Tower 2: 1BR Fully Furnished unit,"['Aircon', 'Commercial Spaces', 'Community Area', 'Elevator', 'Refrigerator', 'Fitness Gym', 'Kitchen', 'Swimming Pool', 'Recreational Area', 'Wifi / Internet', 'Advance Payments:', 'Security Deposit:', 'Post-Dated Cheques:', 'Minimum Stay:', 'Electricity Bills:', 'Water Bills:', 'Association Dues:']"
195,"₱17,000 monthly",12,"Barangay 660, Ermita",30 Sqm.,Studio Type For Rent @ Vista Taft Residences,"['Aircon', 'Community Area', 'Commercial Spaces', 'Fitness Gym', 'Elevator', 'Refrigerator', 'Recreational Area', 'Study Hub', 'Swimming Pool', 'Advance Payments:', 'Security Deposit:', 'Post-Dated Cheques:', 'Minimum Stay:', 'Electricity Bills:', 'Water Bills:', 'Association Dues:']"
196,"₱19,000 monthly",6,"Barangay 729, Malate",21 Sqm.,VISTA TAFT RESIDENCES STUDIO UNIT,"['Aircon', 'Elevator', 'Fitness Gym', 'Kitchen', 'Swimming Pool', 'Wifi / Internet', 'Refrigerator', 'Community Area', 'Commercial Spaces', 'Recreational Area', 'Study Hub', 'Advance Payments:', 'Security Deposit:', 'Post-Dated Cheques:', 'Minimum Stay:', 'Electricity Bills:', 'Water Bills:', 'Association Dues:']"
201,"₱7,500 monthly",6,"Barangay 396, Sampaloc",35 Sqm.,"BEDSPACE NEAR FEU, UST, REVIEW CENTERS","['Aircon', 'Chapel Room', 'Commercial Spaces', 'Community Area', 'Elevator', 'Fitness Gym', 'Wifi / Internet', 'Swimming Pool', 'Study Hub', 'Security Deposit:', 'Post-Dated Cheques:', 'Minimum Stay:', 'Electricity Bills:', 'Water Bills:', 'Association Dues:']"
202,"₱7,100 monthly",2,"Barangay 730, Malate",26 Sqm.,"BEDSPACE FOR RENT NEAR DLSU, CSB, ADAMSON, MAPUA","['Aircon', 'Chapel Room', 'Study Hub', 'Swimming Pool', 'Wifi / Internet', 'Fitness Gym', 'Commercial Spaces', 'Elevator', 'Security Deposit:', 'Post-Dated Cheques:', 'Minimum Stay:', 'Electricity Bills:', 'Water Bills:', 'Association Dues:']"
203,"₱14,000 monthly",1,"Loyola Heights, Quezon City",35 Sqm.,Bedspace for Lease in Katipunan! Walking Distance to Ateneo,"['Aircon', 'Kitchen', 'Recreational Area', 'Refrigerator', 'Roof Deck', 'Meeting Room', 'Commercial Spaces', 'Community Area', 'Music Room', 'Study Hub', 'Parking', 'Elevator', 'Wifi / Internet', 'Advance Payments:', 'Security Deposit:', 'Post-Dated Cheques:', 'Minimum Stay:', 'Electricity Bills:', 'Water Bills:', 'Association Dues:']"
204,"₱11,500 monthly",1,"Loyola Heights, Quezon City",60 Sqm.,Bedspace for Lease in Katipunan! Walking Distance to Ateneo,"['Aircon', 'Kitchen', 'Recreational Area', 'Refrigerator', 'Roof Deck', 'Meeting Room', 'Commercial Spaces', 'Community Area', 'Music Room', 'Study Hub', 'Parking', 'Elevator', 'Wifi / Internet', 'Advance Payments:', 'Security Deposit:', 'Post-Dated Cheques:', 'Minimum Stay:', 'Electricity Bills:', 'Water Bills:', 'Association Dues:']"
205,"₱10,000 monthly",1,"Loyola Heights, Quezon City",26 Sqm.,Bedspace for Lease in Katipunan! Walking Distance to Ateneo,"['Aircon', 'Kitchen', 'Recreational Area', 'Refrigerator', 'Roof Deck', 'Meeting Room', 'Commercial Spaces', 'Community Area', 'Music Room', 'Elevator', 'Parking', 'Wifi / Internet', 'Study Hub', 'Advance Payments:', 'Security Deposit:', 'Post-Dated Cheques:', 'Minimum Stay:', 'Electricity Bills:', 'Water Bills:', 'Association Dues:']"
207,"₱11,000 monthly",12,"Bahay Toro, Quezon City",370 Sqm.,FULLY FURNISHED CORNER UNIT @ SPAZIO BERNARDO,"['Aircon', 'Refrigerator', 'Kitchen', 'Advance Payments:', 'Security Deposit:', 'Post-Dated Cheques:', 'Minimum Stay:', 'Electricity Bills:', 'Water Bills:', 'Association Dues:']"
210,"₱18,000 monthly",1,"Doña Imelda, Quezon City",1 Sqm.,Covent Garden Sta. Mesa Condo for Rent near PUP & UERM,"['Aircon', 'Elevator', 'Kitchen', 'Advance Payments:', 'Security Deposit:', 'Post-Dated Cheques:', 'Minimum Stay:', 'Electricity Bills:', 'Water Bills:', 'Association Dues:']"
212,"₱2,800 monthly",1,"La Huerta, City of Parañaque",43 Sqm.,Bedspace Parañaque,['N/A']
214,"₱7,750 monthly",1,"Barangay 730, Malate",65 Sqm.,Brand New Space / Condo / Bedspace in Taft - Ubelt || The Second House,"['Aircon', 'Commercial Spaces', 'Community Area', 'Elevator', 'Fitness Gym', 'Kitchen', 'Meeting Room', 'Recreational Area', 'Study Hub', 'Wifi / Internet', 'Advance Payments:', 'Security Deposit:', 'Minimum Stay:']"
215,"₱23,000 monthly",12,"Barangay 688, Malate",33 Sqm.,Vista Taft Condo Unit for Rent,"['Aircon', 'Kitchen', 'Refrigerator', 'Meeting Room', 'Commercial Spaces', 'Community Area', 'Study Hub', 'Elevator', 'Parking', 'Fitness Gym', 'Advance Payments:', 'Security Deposit:', 'Post-Dated Cheques:', 'Minimum Stay:', 'Electricity Bills:', 'Water Bills:', 'Association Dues:']"
216,"₱26,000 monthly",12,"Barangay 691, Malate",1 Sqm.,Vista Taft 1BR,"['Aircon', 'Fitness Gym', 'Kitchen', 'Recreational Area', 'Refrigerator', 'Swimming Pool', 'Advance Payments:', 'Security Deposit:', 'Post-Dated Cheques:', 'Minimum Stay:', 'Electricity Bills:', 'Water Bills:', 'Association Dues:']"
227,"₱27,000 monthly",6,"Barangay 469, Sampaloc",1 Sqm.,1BR Unit in Grand España Tower 1,"['Aircon', 'Refrigerator', 'Commercial Spaces', 'Elevator', 'Kitchen', 'Fitness Gym', 'Roof Deck', 'Study Hub', 'Swimming Pool', 'Advance Payments:', 'Security Deposit:', 'Post-Dated Cheques:', 'Minimum Stay:', 'Electricity Bills:', 'Water Bills:', 'Association Dues:']"
228,"₱16,000 monthly",6,"South Triangle, Quezon City",1 Sqm.,Fully-furnished Unit perfect for working/students in QC!!,"['Aircon', 'Commercial Spaces', 'Elevator', 'Swimming Pool', 'Kitchen', 'Refrigerator', 'Recreational Area', 'Advance Payments:', 'Security Deposit:', 'Post-Dated Cheques:', 'Minimum Stay:', 'Electricity Bills:', 'Water Bills:', 'Association Dues:']"
229,"₱27,000 monthly",1,"Santa Teresita, Quezon City",167 Sqm.,Fully Furnished Studio Unit in SMDC SUN RESIDENCES,"['Aircon', 'Fitness Gym', 'Meeting Room', 'Recreational Area', 'Refrigerator', 'Study Hub', 'Wifi / Internet', 'Swimming Pool', 'Community Area', 'Commercial Spaces', 'Kitchen', 'Elevator', 'Advance Payments:', 'Security Deposit:', 'Post-Dated Cheques:', 'Minimum Stay:', 'Electricity Bills:', 'Water Bills:', 'Association Dues:']"
237,"₱20,000 monthly",6,"Barangay 389, Quiapo",6 Sqm.,For Rent Tennyson Heights Vista Near CEU,"['Advance Payments:', 'Security Deposit:', 'Post-Dated Cheques:', 'Minimum Stay:', 'Electricity Bills:', 'Water Bills:', 'Association Dues:']"
238,"₱25,000 monthly",6,"Barangay 306, Quiapo",6 Sqm.,NEW Fully Furnished Stylized Condo for rent Vista Recto near FEU & UE,"['Aircon', 'Commercial Spaces', 'Elevator', 'Kitchen', 'Fitness Gym', 'Recreational Area', 'Refrigerator', 'Roof Deck', 'Swimming Pool', 'Advance Payments:', 'Security Deposit:', 'Post-Dated Cheques:', 'Minimum Stay:', 'Electricity Bills:', 'Water Bills:', 'Association Dues:']"
239,"₱9,999 monthly",6,"Barangay 709, Malate",27 Sqm.,CONDO FOR RENT - FULLY FURNISHED- BESIDE LA SALLE TAFT.,"['Elevator', 'Kitchen', 'Study Hub', 'Wifi / Internet', 'Swimming Pool', 'Advance Payments:', 'Security Deposit:', 'Post-Dated Cheques:', 'Minimum Stay:', 'Electricity Bills:', 'Water Bills:', 'Association Dues:']"
245,"₱20,000 monthly",6,"Barangay 389, Quiapo",150 Sqm.,For Rent TENNYSON HEIGHTS VISTA near CEU,"['Advance Payments:', 'Security Deposit:', 'Post-Dated Cheques:', 'Minimum Stay:', 'Electricity Bills:', 'Water Bills:', 'Association Dues:']"
246,"₱20,000 monthly",6,"Barangay 667, Ermita",44 Sqm.,For Rent Vista GL Taft unit 16-14,"['Advance Payments:', 'Security Deposit:', 'Post-Dated Cheques:', 'Minimum Stay:', 'Electricity Bills:', 'Water Bills:', 'Association Dues:']"
247,"₱20,000 monthly",6,"Barangay 667, Ermita",4 Sqm.,For Rent Vista GL Taft condo,"['Advance Payments:', 'Security Deposit:', 'Post-Dated Cheques:', 'Minimum Stay:', 'Electricity Bills:', 'Water Bills:', 'Association Dues:']"
250,"₱28,000 monthly",12,"Barangay 689, Malate",2 Sqm.,1 Bedroom Condo Corner Unit for Rent Green Residences Taft near DLSU,"['Aircon', 'Elevator', 'Fitness Gym', 'Kitchen', 'Roof Deck', 'Study Hub', 'Swimming Pool', 'Recreational Area', 'Advance Payments:', 'Security Deposit:', 'Post-Dated Cheques:', 'Minimum Stay:', 'Electricity Bills:', 'Water Bills:', 'Association Dues:']"
251,"₱18,000 monthly",6,"Loyola Heights, Quezon City",29 Sqm.,"101 XAVIERVILLE | 1BR w/ Balcony (Fully Furnished)| Ateneo, Miriam, UP","['Aircon', 'Commercial Spaces', 'Community Area', 'Elevator', 'Fitness Gym', 'Kitchen', 'Meeting Room', 'Recreational Area', 'Refrigerator', 'Roof Deck', 'Study Hub', 'Swimming Pool', 'Advance Payments:', 'Security Deposit:', 'Post-Dated Cheques:', 'Minimum Stay:', 'Electricity Bills:', 'Water Bills:', 'Association Dues:']"
253,"₱6,250 monthly",3,"Barangay 659-A, Ermita",43 Sqm.,Suntrust Solana Condo: Looking for 3 female bedspacers,"['Advance Payments:', 'Security Deposit:', 'Minimum Stay:']"
254,"₱8,000 monthly",6,"Highway Hills, City of Mandaluyong",32 Sqm.,Cozy & Modern Bedspace for Rent in Mandaluyong,"['Elevator', 'Aircon', 'Community Area', 'Fitness Gym', 'Kitchen', 'Music Room', 'Meeting Room', 'Recreational Area', 'Refrigerator', 'Roof Deck', 'Study Hub', 'Swimming Pool', 'Wifi / Internet', 'Parking', 'Advance Payments:', 'Security Deposit:', 'Post-Dated Cheques:', 'Minimum Stay:', 'Electricity Bills:', 'Water Bills:', 'Association Dues:']"
256,"₱48,000 monthly",12,"Carmona, City of Makati",26 Sqm.,"BRAND NEW 82 sq.m. Semi-furnished 2BR in Solstice, Circuit Makati","['Aircon', 'Kitchen', 'Commercial Spaces', 'Elevator', 'Parking', 'Fitness Gym', 'Swimming Pool', 'Study Hub', 'Refrigerator', 'Advance Payments:', 'Security Deposit:', 'Post-Dated Cheques:', 'Minimum Stay:', 'Electricity Bills:', 'Water Bills:', 'Association Dues:']"
257,"₱180,000 monthly",12,"Magallanes, City of Makati",27 Sqm.,"FOR RENT: Newly renovated 4BR House in Magallanes Village, Makati","['Parking', 'Kitchen', 'Recreational Area', 'Advance Payments:', 'Security Deposit:', 'Post-Dated Cheques:', 'Minimum Stay:', 'Electricity Bills:', 'Water Bills:', 'Association Dues:']"
258,"₱8,000 monthly",1,"West Rembo, City of Makati",1 Sqm.,Room For Rent in West Rembo Makati near Call Centers,"['Kitchen', 'Advance Payments:', 'Security Deposit:', 'Post-Dated Cheques:', 'Minimum Stay:', 'Electricity Bills:', 'Water Bills:', 'Association Dues:']"
259,"₱22,500 monthly",12,"Barangay 696, Malate",28 Sqm.,Taft Avenue Manila Studio Unit for Rent,"['Aircon', 'Commercial Spaces', 'Community Area', 'Elevator', 'Fitness Gym', 'Parking', 'Kitchen', 'Recreational Area', 'Refrigerator', 'Roof Deck', 'Swimming Pool', 'Advance Payments:', 'Security Deposit:', 'Post-Dated Cheques:', 'Minimum Stay:', 'Electricity Bills:', 'Water Bills:', 'Association Dues:']"
260,"₱4,200 monthly",11,"Molino I, City of Bacoor",54 Sqm.,House for Rent in Bacoor Cavite Molina 1,"['Kitchen', 'Advance Payments:', 'Security Deposit:', 'Post-Dated Cheques:', 'Minimum Stay:', 'Electricity Bills:', 'Water Bills:', 'Association Dues:']"
262,"₱13,000 monthly",12,"Barangay 840, Pandacan",145 Sqm.,My New Listing,"['Kitchen', 'Advance Payments:', 'Security Deposit:', 'Post-Dated Cheques:', 'Minimum Stay:', 'Electricity Bills:', 'Water Bills:', 'Association Dues:']"
265,"₱28,000 monthly",6,"Poblacion, City of Makati",15 Sqm.,1 Bedroom for Rent,"['Aircon', 'Elevator', 'Kitchen', 'Refrigerator', 'Advance Payments:', 'Security Deposit:', 'Post-Dated Cheques:', 'Minimum Stay:', 'Electricity Bills:', 'Water Bills:', 'Association Dues:']"
266,"₱23,000 monthly",6,"Kalusugan, Quezon City",35 Sqm.,1 Bedroom Condo Unit Near St. Luke's Medical Center Q.C. and TUA,"['Aircon', 'Elevator', 'Fitness Gym', 'Kitchen', 'Refrigerator', 'Swimming Pool', 'Wifi / Internet', 'Advance Payments:', 'Security Deposit:', 'Post-Dated Cheques:', 'Minimum Stay:', 'Electricity Bills:', 'Water Bills:', 'Association Dues:']"
267,"₱24,000 monthly",12,"Barangay 76, Pasay City",1 Sqm.,COAST RESIDENCES,"['Aircon', 'Kitchen', 'Refrigerator', 'Advance Payments:', 'Security Deposit:', 'Post-Dated Cheques:', 'Minimum Stay:', 'Electricity Bills:', 'Water Bills:', 'Association Dues:']"
268,"₱18,000 monthly",12,"Barangay 752, Santa Ana",43 Sqm.,RSG SS Residens,"['Aircon', 'Kitchen', 'Refrigerator', 'Advance Payments:', 'Security Deposit:', 'Post-Dated Cheques:', 'Minimum Stay:', 'Electricity Bills:', 'Water Bills:', 'Association Dues:']"
269,"₱18,000 monthly",12,"Barangay 727, Malate",17 Sqm.,TAFT CONDOS,"['Aircon', 'Refrigerator', 'Advance Payments:', 'Security Deposit:', 'Post-Dated Cheques:', 'Minimum Stay:', 'Electricity Bills:', 'Water Bills:', 'Association Dues:']"
271,"₱4,000 monthly",12,"Pembo, City of Makati",34 Sqm.,J&J Eunice Bedspace,"['Aircon', 'Advance Payments:', 'Security Deposit:', 'Post-Dated Cheques:', 'Minimum Stay:', 'Electricity Bills:', 'Water Bills:', 'Association Dues:']"
272,"₱4,000 monthly",12,"Matandang Balara, Quezon City",39 Sqm.,BEDSPACE NEAR UP DILIMAN,"['Community Area', 'Aircon', 'Advance Payments:', 'Security Deposit:', 'Post-Dated Cheques:', 'Minimum Stay:', 'Electricity Bills:', 'Water Bills:', 'Association Dues:']"
273,"₱60,000 monthly",12,"Fort Bonifacio, City of Taguig",37 Sqm.,VERANDA EAST TOWER By ALVEO (Ayala Land Inc.),"['Aircon', 'Elevator', 'Kitchen', 'Swimming Pool', 'Parking', 'Community Area', 'Meeting Room', 'Recreational Area', 'Fitness Gym', 'Advance Payments:', 'Security Deposit:', 'Post-Dated Cheques:', 'Minimum Stay:', 'Electricity Bills:', 'Water Bills:', 'Association Dues:']"
